1014 E 2 AVE,Phase 4
1047 E 1 AVE,Phase 4
1051 E 1 AVE,Phase 4
1058 E 2 AVE,Phase 4
1062 E 2 AVE,Phase 4
1108 E 2 AVE,Phase 4
1123 E 1 AVE,Phase 4
1125 E 1 AVE,Phase 4
201 S 10 ST,Phase 4
206 S 7 ST,Phase 4
208 S 11 ST,Phase 4
209 S 9 ST,Phase 4
211 S 10 ST,Phase 4
211 S 9 ST,Phase 4
212 S 10 ST,Phase 4
212 S 11 ST,Phase 4
213 S 6 ST,Phase 4
215 S 10 ST,Phase 4
215 S 7 ST,Phase 4
217 S 10 ST,Phase 4
218 S 7 ST,Phase 4
219 S 7 ST,Phase 4
219 S 9 ST,Phase 4
220 S 8 ST,Phase 4
221 S 7 ST,Phase 4
221 S 8 ST,Phase 4
223 S 6 ST,Phase 4
223 S 7 ST,Phase 4
224 S 8 ST,Phase 4
227 S 8 ST,Phase 4
228 S 11 ST,Phase 4
228 S 8 ST,Phase 4
229 S 6 ST,Phase 4
229 S 9 ST,Phase 4
717 E 1 AVE,Phase 4
718 E 2 AVE,Phase 4
723 E 1 AVE,Phase 4
727 E 1 AVE,Phase 4
801 E 1 AVE,Phase 4
805 E 1 AVE,Phase 4
826 E 2 AVE,Phase 4
915 E 1 AVE,Phase 4
300 S 6 ST,Phase 5
306 S 5 ST,Phase 5
307 S 4 ST,Phase 5
308 S 6 ST,Phase 5
310 S 5 ST,Phase 5
310 S 6 ST,Phase 5
312 S 6 ST,Phase 5
314 S 5 ST,Phase 5
315 S 4 ST,Phase 5
321 S 4 ST,Phase 5
321 S 5 ST,Phase 5
404 S 6 ST,Phase 5
414 S 6 ST,Phase 5
416 S 4 ST,Phase 5
416 S 6 ST,Phase 5
417 S 4 ST,Phase 5
421 S 5 ST,Phase 5
503 E 4 AVE,Phase 5
504 E 4 AVE,Phase 5
507 S 4 ST,Phase 5
508 S 5 ST,Phase 5
508 S 6 ST,Phase 5
509 E 5 AVE,Phase 5
509 S 5 ST,Phase 5
512 E 3 AVE,Phase 5
512 E 4 AVE,Phase 5
513 S 4 ST,Phase 5
516 S 4 ST,Phase 5
516 S 5 ST,Phase 5
517 E 4 AVE,Phase 5
519 E 2 AVE,Phase 5
520 E 5 AVE,Phase 5
521 E 2 AVE,Phase 5
521 E 5 AVE,Phase 5
522 S 5 ST,Phase 5
523 E 2 AVE,Phase 5
523 E 3 AVE,Phase 5
523 S 4 ST,Phase 5
524 S 6 ST,Phase 5
600 E 5 AVE,Phase 5
601 E 6 AVE,Phase 5
606 S 6 ST,Phase 5
608 S 5 ST,Phase 5
611 E 2 AVE,Phase 5
612 E 6 AVE,Phase 5
613 S 4 ST,Phase 5
614 E 3 AVE,Phase 5
615 E 4 AVE,Phase 5
620 E 4 AVE,Phase 5
622 S 6 ST,Phase 5
632 S 6 ST,Phase 5
706 S 6 ST,Phase 5
108 W 8 AVE,Phase 6
109 E 6 AVE,Phase 6
120 E 9 AVE,Phase 6
122 W 8 AVE,Phase 6
200 E 8 AVE,Phase 6
204 E 6 AVE,Phase 6
206 E 6 AVE,Phase 6
603 S MAIN ST,Phase 6
615 S 1 ST,Phase 6
617 S MAIN ST,Phase 6
623 S MAIN ST,Phase 6
634 S 1 ST,Phase 6
634 S MAIN ST,Phase 6
700 S MAIN ST,Phase 6
704 S MAIN ST,Phase 6
721 S MAIN ST,Phase 6
733 S 1 ST,Phase 6
735 S 1 ST,Phase 6
800 S MAIN ST,Phase 6
802 S 1 ST,Phase 6
809 S A ST,Phase 6
810 S MAIN ST,Phase 6
814 S MAIN ST,Phase 6
817 S 1 ST,Phase 6
819 S A ST,Phase 6
823 S MAIN ST,Phase 6